{
    "Blog": true,
    "Core": true,
    "UserManagement": true,
    "RolePermission": true,
    "Package": true,
    "ContactUsMessage": true,
    "DeeplinkGenerator": true,
    "DataDeletionPolicy": true,
    "Rating": true,
    "ItemPromotion": true,
    "BlueMarkUser": true,
    "BlockUser": true,
    "FollowUser": true,
    "Payment": true,
    "PushNotificationMessage": true,
    "ComplaintItem": true,
    "Chat": true,
    "SlowMovingItem": true,
    "DemoDataDeletion": true,
    "ImageGenerationForThumbnail": true,
    "Installer": true,
    "PhoneCountryCode": true,
    "MPCTemplate1": true,
    "MPCTemplate2": true,
    "SellerPanel": true,
    "VendorPanel": true,
    "Theme" : true
}
